pickup_loc,total_trips,missed_surcharges,leakage_rate_pct
75,280659,123278.0,43.924477747016844
74,189804,110056.0,57.98402562643569
41,131434,102821.0,78.23013832037373
